{"cameraMode":{"drawMode":0,"name":"Shaded","section":"Shading Mode"},"sceneLighting":true,"audioPlay":false,"sceneViewState":{"m_AlwaysRefresh":false,"showFog":true,"showSkybox":true,"showFlares":true,"showImageEffects":true,"showParticleSystems":true,"showVisualEffectGraphs":true,"m_FxEnabled":true},"in2DMode":false,"pivot":{"x":23.82640838623047,"y":-50.837554931640628,"z":-69.97447204589844},"rotation":{"x":-0.053081613034009936,"y":-0.9364095330238342,"z":0.30678483843803408,"w":-0.16198855638504029},"size":48.44186019897461,"orthographic":false}